prestamo_externo_id,prestamo_externo_desc,prestamo_externo_det,ultima_actualizacion_fecha
0,GENERICO,GENERICO,Última actualización del ejercicio 2020: 11 Julio 2021.
6778600,BCIE 2161 PROFOCAID,BCIE 2161 Fortalecimiento de las Capacidades de Investigación y Desarrollo (I+D),Última actualización del ejercicio 2022: 02 Julio 2023.
7055800,Paseo del Bajo,CAF 9710 Paseo del Bajo,Última actualización del ejercicio 2022: 02 Julio 2023.
7059001,FONPLATA 28,FONPLATA ARG-28/2016 Proyecto de Desarrollo de Complejos Fronterizos,Última actualización del ejercicio 2024: 27 Diciembre 2024.Los datos consignados son provisorios hasta tanto se produzcan los cierres de cuenta y eventuales ajustes correspondientes al ejercicio 2024.
7059002,FONPLATA 28 GNA,FONPLATA ARG-28/2016 Proyecto de Desarrollo de Complejos Fronterizos,Última actualización del ejercicio 2024: 27 Diciembre 2024.Los datos consignados son provisorios hasta tanto se produzcan los cierres de cuenta y eventuales ajustes correspondientes al ejercicio 2024.
7059003,FONPLATA 28 PNA,FONPLATA ARG-28/2016 Proyecto de Desarrollo de Complejos Fronterizos,Última actualización del ejercicio 2024: 27 Diciembre 2024.Los datos consignados son provisorios hasta tanto se produzcan los cierres de cuenta y eventuales ajustes correspondientes al ejercicio 2024.
7066000,BCIE 2215,BCIE 2215 Apoyo a la estrategia de ampliación de cobertura y acceso a la salud,Última actualización del ejercicio 2022: 02 Julio 2023.
7066100,PROSEPU 2,CDP-AICS 007337 Programa a favor del Sector Sanitario Público Fase II (Initiative 007337) / Programa a favor del Sistema de Salud Público Argentino,Última actualización del ejercicio 2022: 02 Julio 2023.
7067600,NGH II,BID 2776/OC-AR Desarrollo de la Infraestructura Hídrica del Norte Grande II,Última actualización del ejercicio 2022: 02 Julio 2023.
7069300,Belgrano Sur,CAF 10180 Mejoramiento de la Conectividad Ferroviaria a Constitución - Ferrocarril Belgrano Sur,Última actualización del ejercicio 2022: 02 Julio 2023.
7070000,Ampliación de Capacidad y Segu,BID 3836/OC-AR Ampliación de Capacidad y Seguridad en Corredores Viales claves para la Integración Regional e Internacional (RN19),Última actualización del ejercicio 2022: 02 Julio 2023.
7071600,PROAS II,BID 5285/OC-AR Nacional de Agua Potable y Saneamiento (<50 mil habitantes) (CCLIP 2) (AR-X1005),Última actualización del ejercicio 2022: 02 Julio 2023.
7076202,BIRF 8633 AUH ANSES,BIRF 8633 ANSES Red Integral de Protección Social de Niños y Jóvenes (AUH),Última actualización del ejercicio 2022: 02 Julio 2023.
7076400,Territorial,FONPLATA ARG-25 Programa de Fortalecimiento Institucional de Planificación Territorial (AR-130),Última actualización del ejercicio 2022: 02 Julio 2023.
7076701,DAMI 2,BID 3780/OC-AR Desarrollo de Áreas Metropolitanas del Interior (DAMI) 2 (CCLIP 1) (AR-O0001),Última actualización del ejercicio 2022: 02 Julio 2023.
7082600,Programa de Fortalecimiento de,BID 3835/OC-AR Fortalecimiento de la Gestión Provincial,Última actualización del ejercicio 2022: 02 Julio 2023.
7084100,Hábitat,CAF 10099 Programa Integral de Hábitat,Última actualización del ejercicio 2024: 27 Diciembre 2024.Los datos consignados son provisorios hasta tanto se produzcan los cierres de cuenta y eventuales ajustes correspondientes al ejercicio 2024.
7084300,Proyecto Integral de Hábitat y,BIRF 8712 Proyecto Integral de Hábitat y Vivienda,Última actualización del ejercicio 2022: 02 Julio 2023.
7084500,Asentamientos,"FONPLATA ARG-29 Programa Integral de Mejoramiento de Asentamientos Fronterizos - Plan Belgrano (Jujuy, Salta, Formosa, Corrientes, Misiones, Catamarca y la Rioja)",Última actualización del ejercicio 2022: 02 Julio 2023.
7170500,BCIE 2193 PROGERSA,BCIE 2193 Proyecto de Gestión por Resultados en Salud para la Atención de Población Adulta Mayor en la Argentina,Última actualización del ejercicio 2022: 02 Julio 2023.
7319600,1744 - PRODECCA,FIDA 1744 PREST Desarrollo de las Cadenas Caprinas - PRODECCA,Última actualización del ejercicio 2022: 02 Julio 2023.
7322102,Vial Regional IV,CAF 10703 Desarrollo Vial Regional IV,Última actualización del ejercicio 2022: 02 Julio 2023.
7440300,PIT 5,BID 4025/OC-AR Apoyo innovación tecnológica - Fondos Sectoriales de Innovación (CCLIP 5) (AR-X1015),Última actualización del ejercicio 2022: 02 Julio 2023.
7440500,PROSAP IV CCLIP3,BID 3806/OC-AR Servicios Agrícolas Provinciales IV-PROSAP IV (CCLIP 3) (AR-X1006),Última actualización del ejercicio 2022: 02 Julio 2023.
90000300,Proyecto Corredor de Desarroll,BIRF 8810 Proyecto Corredor de Desarrollo Vial del Noroeste (Autopista Federal del Noroeste- Infraestructura Vial -Plan Belgrano),Última actualización del ejercicio 2022: 02 Julio 2023.
90000500,Programa Federal de Seguridad,BID 4113/OC-AR Programa Federal de Seguridad,Última actualización del ejercicio 2022: 02 Julio 2023.
90000800,Agua y Saneamiento para el Seg,BID 4268/OC-AR Agua y Saneamiento para el Segundo y Tercer Cordón del Conurbano Bonaerense (AYSA) (CCLIP 1) (AR-O0004),Última actualización del ejercicio 2022: 02 Julio 2023.
90001000,BID 4265 SCT2,BID 4265/OC-AR Mejora Integral del Ferrocarril San Martín [Ramal Retiro - Pilar] (CCLIP 2) (AR-X1018) Sistema Compehensivo de Transporte,Última actualización del ejercicio 2022: 02 Julio 2023.
90001200,PACES - CUS/SUMAR,BIRF 8853 Apoyo del Proyecto de Cobertura Universal de Salud Efectiva en Argentina ( Extensión del modelo de Gestión por Resultados en Salud 2),Última actualización del ejercicio 2022: 02 Julio 2023.
90001501,BID 4229-1 PRINI,BID 4229/OC-AR-1 Programa de Desarrollo Infantil Temprano (Apoyo a la Primera Infancia) (CCLIP 1) (AR-O0003),Última actualización del ejercicio 2022: 02 Julio 2023.
90001502,BID 4229-2 PRINI,BID 4229/OC-AR-2 Programa de Desarrollo Infantil Temprano (Apoyo a la Primera Infancia) (CCLIP 1) (AR-O0003),Última actualización del ejercicio 2023: 30 Junio 2024.
90001600,BID 3455 PROMEDU 4,BID 3455/OC-AR Apoyo a la política de mejoramiento de la equidad educativa (CCLIP 4) (AR-X1011),Última actualización del ejercicio 2022: 02 Julio 2023.
90001900,Desarrollo de los Servicios de,BID 4312/OC-AR Desarrollo de los Servicios de  Agua y Saneamiento - Plan Belgrano,Última actualización del ejercicio 2022: 02 Julio 2023.
90002200,Infraestructura para la Integr,FONPLATA ARG-35/2017 Programa de Infraestructura para la Integración (AR-146),Última actualización del ejercicio 2022: 02 Julio 2023.
90002301,Forestal,BID 2853/OC-AR  Programa de Sustentabilidad y Competitividad Forestal,Última actualización del ejercicio 2022: 02 Julio 2023.
90002302,Forestal,BID 2853/OC-AR (INTA) Programa de Sustentabilidad y Competitividad Forestal,Última actualización del ejercicio 2022: 02 Julio 2023.
90002601,PROCANOR,FIDA 642 PREST Inserción Económica de los Productores Familiares del Norte Argentino,Última actualización del ejercicio 2022: 02 Julio 2023.
90002700,PISEAR,BIRF 8093 Inclusión Social en Áreas Rurales Argentinas (Ex-Pobreza Rural),Última actualización del ejercicio 2022: 02 Julio 2023.
90003200,BID 4243/OC-AR,BID 4243/OC-AR Fortalecimiento de la Capacidad Estadística del Instituto Nacional (INDEC),Última actualización del ejercicio 2022: 02 Julio 2023.
90003301,NCT,BID 2606/OC-AR Desarrollo turístico en Nuevos Corredores,Última actualización del ejercicio 2022: 02 Julio 2023.
90003302,NCT,BID 2606/OC-AR Desarrollo turístico en Nuevos Corredores,Última actualización del ejercicio 2022: 02 Julio 2023.
90003800,RIEGO 2,CAF 9458 Desarrollo de Nuevos Áreas de Riego en Argentina Etapa II,Última actualización del ejercicio 2022: 02 Julio 2023.
90004000,PIM,BID 2929/OC-AR Inversiones Municipales,Última actualización del ejercicio 2022: 02 Julio 2023.
90004600,Universidades 2b,CAF 8945 Apoyo para el Desarrollo de la Infraestructura Universitaria 2 Fase B,Última actualización del ejercicio 2022: 02 Julio 2023.
90004902,GIRSU II,BID 3249/OC-AR-2 Gestión Integral de Residuos Sólidos Urbanos 2,Última actualización del ejercicio 2022: 02 Julio 2023.
90005000,PGAMR-BIRF,BIRF 7706 Saneamiento Ambiental de la Cuenca Matanza Riachuelo (ACuMaR) (APL1),Última actualización del ejercicio 2022: 02 Julio 2023.
90006700,BID 4418/OC-AR,BID 4418/OC-AR Ampliación de Capacidad y Mejoras de Seguridad en el Corredor Sistema Cristo Redentor (CCLIP 1) (AR-O0006)  - RN 7 Variante Palmira,Última actualización del ejercicio 2022: 02 Julio 2023.
90006800,BID 4802 Fortalecimiento In,BID 4802/OC-AR Fortalecimiento Institucional Provincial y de Gestión Financiera -PROFIP III (AR-L1292),Última actualización del ejercicio 2022: 02 Julio 2023.
90007300,Programa de Fortalecimiento de,BID 4753/OC-AR Fortalecimiento de la Gestión Provincial II,Última actualización del ejercicio 2022: 02 Julio 2023.
90007500,CAPACIDAD EMPRENDEDORA,CAF 8919 Desarrollo de la Infraestructura Destinada a Promover la Capacidad Emprendedora (MINCYT) (cero + infinito),Última actualización del ejercicio 2024: 27 Diciembre 2024.Los datos consignados son provisorios hasta tanto se produzcan los cierres de cuenta y eventuales ajustes correspondientes al ejercicio 2024.
90007700,NGH II BIRF,BIRF 8032 Proyecto de Infraestructura Hídrica del Norte Grande II,Última actualización del ejercicio 2022: 02 Julio 2023.
90008000,NGS 2,CAF 8640 Infraestructura de Saneamiento del Norte Grande 2,Última actualización del ejercicio 2022: 02 Julio 2023.
90008500,BIRF 8452 PROMER 2,BIRF 8452 Mejoramiento de la Educación Rural (PROMER) 2,Última actualización del ejercicio 2022: 02 Julio 2023.
90008601,GIRSAR,BIRF 8867 Gestión de los Riesgos en el Sistema Agroindustrial Rural,Última actualización del ejercicio 2022: 02 Julio 2023.
90008900,Mejoramiento de la Conectivida,FONPLATA ARG-23 Mejoramiento de la Conectividad Ferroviaria a Constitución - Ferrocarril Belgrano Sur (FONPLATA),Última actualización del ejercicio 2022: 02 Julio 2023.
90009300,PROTEGER - Enfermedades Crónic,BIRF 8508 Fortalecimiento de la Prevención y Control de Enfermedades Crónicas no Transmisibles,Última actualización del ejercicio 2022: 02 Julio 2023.
90009600,SABIAMAR CONAE 2,CAF 8700 Programa SABIA MAR 1 -  CONAE 2,Última actualización del ejercicio 2022: 02 Julio 2023.
90010201,Medidas de eficiencia energéti,BID GRT/FM-15083-AR-1 Medidas de eficiencia energética y energía renovable en la vivienda social (GEF 4861),Última actualización del ejercicio 2022: 02 Julio 2023.
90010202,Medidas de eficiencia energéti,BID GRT/FM-15083-AR-2 Medidas de eficiencia energética y energía renovable en la vivienda social (Ver GEF 4861),Última actualización del ejercicio 2022: 02 Julio 2023.
90010900,AySA OBAP 3,CAF 9301 Obras básicas de Agua Potable 2012-2015 -AySA Fase 2,Última actualización del ejercicio 2022: 02 Julio 2023.
90011500,PROMEBA IV,BID 3458/OC-AR Mejoramiento de Barrios IV (CCLIP 3) (AR-X1004),Última actualización del ejercicio 2022: 02 Julio 2023.
90011600,PERMER II,BIRF 8484 Energía Renovable en Mercados Rurales II,Última actualización del ejercicio 2022: 02 Julio 2023.
90011900,REPRESAS,CDB 534106035 Aprovechamientos Hidroeléctricos del Río Santa Cruz Cóndor Cliff-La Barrancosa,Última actualización del ejercicio 2022: 02 Julio 2023.
90012200,SAMyCOB AYSA CCLIP 3,BID 3733/OC-AR Saneamiento para el Área Metropolitana de la Ciudad de Buenos Aires (AYSA) (CCLIP 3) (AR-X1013),Última actualización del ejercicio 2022: 02 Julio 2023.
90012600,PACC II,BID 2923/OC-AR Apoyo a la Competitividad para MIPYMES (Acceso al Crédito para las PYMES) 2,Última actualización del ejercicio 2022: 02 Julio 2023.
90013600,MHAyMF,BID 3759/OC-AR Fortalecimiento Institucional de los Ministerios de Hacienda y de Finanzas,Última actualización del ejercicio 2023: 30 Junio 2024.
90014900,PAYS 2 CCLIP2,BID 3451/OC-AR Nacional de Agua Potable y Saneamiento (>50 mil habitantes) (CCLIP 2) (AR-X1017),Última actualización del ejercicio 2022: 02 Julio 2023.
90015200,Agua Potable y Saneamiento par,BEI 86752 Agua Potable y Saneamiento para el Área Metropolitana de la Ciudad de Buenos Aires y el conurbano - ARGENTINA Agua y Saneamiento (AySA),Última actualización del ejercicio 2022: 02 Julio 2023.
90015501,ENIF,BID 4411/OC-AR Programa para la Implementación de la Estrategia Nacional de Inclusión Financiera de Argentina,Última actualización del ejercicio 2022: 02 Julio 2023.
90015900,VUCEA,BID 3869/OC-AR Implementación del Régimen Nacional de Ventanilla Única de Comercio,Última actualización del ejercicio 2022: 02 Julio 2023.
90016501,Reducción de GEI de Residuos O,GEF 9053 -Reducción de GEI de Residuos Orgánicos en la Agricultura y la Agroindustria,Última actualización del ejercicio 2024: 27 Diciembre 2024.Los datos consignados son provisorios hasta tanto se produzcan los cierres de cuenta y eventuales ajustes correspondientes al ejercicio 2024.
90017300,CDB-CMEC Belgrano Cargas,CDB 434106544 Proyecto de modernización de los trenes del Belgrano Cargas Fase 1 (ver CMEC CC),Última actualización del ejercicio 2022: 02 Julio 2023.
90017602,PROCER,BID 3174/OC-AR-2 Competitividad de Economías Regionales,Última actualización del ejercicio 2022: 02 Julio 2023.
90017800,BIBLIOTECA NACIONAL,FONPLATA ARG-37 Digitalización del Acervo de la Biblioteca Nacional Mariano Moreno (AR-147),Última actualización del ejercicio 2022: 02 Julio 2023.
90019300,FORTALECIMIENTO DE LA GESTIÓN,FAO GCP/ARG/025/GFF GEF 5112 Fortalecimiento de la Gestión y Protección de la Biodiversidad Costero Marina en Áreas Ecológicas Clave y la Aplicación del Enfoque Ecosistémico de la Pesca (EEP),Última actualización del ejercicio 2022: 02 Julio 2023.
90021400,Proyecto Ferrocarril Belgrano,"CAF 11175 Proyecto Ferrocarril Belgrano Sur, Fase II",Última actualización del ejercicio 2022: 02 Julio 2023.
90021500,Programa de Fortalecimiento de,AFD 1007 Fortalecimiento de la Gestión Provincial II (Ver BID),Última actualización del ejercicio 2022: 02 Julio 2023.
90022100,Programa de Modernización del,BID 4694/OC-RG Modernización del Complejo Hidroeléctrico Binacional Salto Grande,Última actualización del ejercicio 2022: 02 Julio 2023.
90022300,Cristo Redentor 2,BID 4652/OC-AR Ampliación de Capacidad y Mejoras de Seguridad en los accesos al Paso Cristo Redentor (CCLIP 2) (AR-O0006),Última actualización del ejercicio 2022: 02 Julio 2023.
90022400,PROMEBA V,BID AR-L1287 Mejoramiento de Barrios V (CCLIP 4) (AR-X1004),Última actualización del ejercicio 2023: 30 Junio 2024.
90022600,Programa para el Desarrollo de,AFD 1004 Programa para el Desarrollo de los Servicios de Agua Potable y Saneamiento - Plan Belgrano,Última actualización del ejercicio 2022: 02 Julio 2023.
90023200,Interrupción de la transmisión,FONPLATA ARG-41 Interrupción de la transmisión del T. cruzi y control de la enfermedad de Chagas en la República Argentina -ETAPA II,Última actualización del ejercicio 2022: 02 Julio 2023.
90023400,PRODECCA,FIDA 1745 (Donación) Desarrollo de las Cadenas Caprinas - PRODECCA,Última actualización del ejercicio 2022: 02 Julio 2023.
90024900,NGV 3,BID 3050/OC-AR Infraestructura Vial del Norte Grande III,Última actualización del ejercicio 2022: 02 Julio 2023.
90025401,BCIE 2277,BCIE 2277 Programa de Recuperación y Desarrollo Rural Post-Emergencia,Última actualización del ejercicio 2022: 02 Julio 2023.
90025701,Apoyo a la equidad y efectivid,BID 4648/OC-AR-1 Apoyo a la equidad y efectividad del sistema de protección social en la Argentina - Fase I,Última actualización del ejercicio 2022: 02 Julio 2023.
90025702,Apoyo a la equidad y efectivid,BID 4648/OC-AR-2 Apoyo a la equidad y efectividad del sistema de protección social en la Argentina - Fase I,Última actualización del ejercicio 2022: 02 Julio 2023.
90025705,Apoyo a la equidad y efectivid,BID 4648/OC-AR-5 Apoyo a la equidad y efectividad del sistema de protección social en la Argentina - Fase I,Última actualización del ejercicio 2022: 02 Julio 2023.
90026600,BID PROSAP 5,BID Servicios Agrícolas Provinciales V-PROSAP V,Última actualización del ejercicio 2022: 02 Julio 2023.
90027400,PFIR-BID,BID 4841/OC-AR Programa Federal de Infraestructura Regional de Transporte - (FFFIR) -CCLIP,Última actualización del ejercicio 2022: 02 Julio 2023.
90027500,PFIR-CAF,CAF 11191 Programa de Infraestructura para Provincias de Argentina (FFFIR),Última actualización del ejercicio 2022: 02 Julio 2023.
90027600,PFIR-FONPLATA,FONPLATA ARG-42 Programa Federal de Infraestructura Regional (FFFIR),Última actualización del ejercicio 2022: 02 Julio 2023.
90028700,BECAR,BID 3066/OC-AR Becas de Ciencia y Tecnología - Programa BEC.AR,Última actualización del ejercicio 2022: 02 Julio 2023.
90029301,Complejos Agroex,CAF 11783 Programa para el desarrollo de Complejos Agroex,Última actualización del ejercicio 2023: 30 Junio 2024.
90029600,BID 4840,BID 4840/OC-AR Apoyo al desarrollo de capacidades de observación de la tierra para la mejora de productividad y sustentabilidad - Satélite Argentino de Observación Con Microondas - SAOCOM,Última actualización del ejercicio 2022: 02 Julio 2023.
90029800,Integración Sociourbana,BID 4804/OC-AR Programa de Integración Sociourbana en Barrios Populares,Última actualización del ejercicio 2022: 02 Julio 2023.
90030001,Apoyo a la Inclusión Social 2,BID 4806/OC-AR-1 Apoyo a la equidad y efectividad del sistema de protección social en la Argentina - Fase II - Inclusión Social y reducción de la pobreza II,Última actualización del ejercicio 2022: 02 Julio 2023.
90030002,Apoyo a la Inclusión Social 2,BID 4806/OC-AR-2 Apoyo a la equidad y efectividad del sistema de protección social en la Argentina - Fase II - Inclusión Social y reducción de la pobreza II,Última actualización del ejercicio 2022: 02 Julio 2023.
90030003,Apoyo a la Inclusión Social 2,BID 4806/OC-AR-3 Apoyo a la equidad y efectividad del sistema de protección social en la Argentina - Fase II - Inclusión Social y reducción de la pobreza II,Última actualización del ejercicio 2022: 02 Julio 2023.
90030102,ASISTIRE,BIRF 8999 Programa para la Mejora de la Inclusión Educativa en el Nivel Secundario y Superior,Última actualización del ejercicio 2022: 02 Julio 2023.
90031001,BID 5490/OC-AR-1 Global de Pre,BID 5490/OC-AR-1 Global de Preinversión,Última actualización del ejercicio 2023: 30 Junio 2024.
90031002,BID 5490/OC-AR-2 Global de Pre,BID 5490/OC-AR-2 Global de Preinversión,Última actualización del ejercicio 2023: 30 Junio 2024.
90031003,BID 5490/OC-AR-3 Global de Pre,BID 5490/OC-AR-3 Global de Preinversión,Última actualización del ejercicio 2023: 30 Junio 2024.
90032500,CTBTO-PCA,CTBTO-PCA Mantenimiento operativas las estaciones de monitoreo y el laboratorio de radionucleidos - ARN,Última actualización del ejercicio 2022: 02 Julio 2023.
90032600,OIEA CCR,OIEA Programas de formación del Centro de Capacitación Regional (CCR),Última actualización del ejercicio 2022: 02 Julio 2023.
90034600,BIRF 9008,BIRF 9008 Saneamiento Ambiental de la Cuenca Matanza Riachuelo (ACuMaR) (FA 7706),Última actualización del ejercicio 2024: 27 Diciembre 2024.Los datos consignados son provisorios hasta tanto se produzcan los cierres de cuenta y eventuales ajustes correspondientes al ejercicio 2024.
90035001,BID 5293 FAPEICyT,BID 5293/OC-AR Programa Federal de Articulación y Promoción Estratégica de la Innovación Científica y Tecnológica (FAPEICyT),Última actualización del ejercicio 2022: 02 Julio 2023.
90035002,BID 5293/OC-AR FAPEICyT,BID 5293/OC-AR Programa Federal de Articulación y Promoción Estratégica de la Innovación Científica y Tecnológica (FAPEICyT),Última actualización del ejercicio 2022: 02 Julio 2023.
90035200,Equipamiento para la Operación,Equipamiento para la Operación Militar en Chipre,Última actualización del ejercicio 2022: 02 Julio 2023.
90035201,Equipamiento para la Operación,Equipamiento para la Operación Militar de Paz - Organizacions Militares de Paz,Última actualización del ejercicio 2022: 02 Julio 2023.
90035202,Equipamiento para la Operación,Equipamiento para la Operación Militar de Paz - Organizacions Militares de Paz,Última actualización del ejercicio 2022: 02 Julio 2023.
90035401,Aeronave Caza Complementario,EXK Aeronave Caza Complementario,Última actualización del ejercicio 2022: 02 Julio 2023.
90035900,OMS - Carta acuerdo - Whonet,OMS - Coordinacion del Control de Calidad de la Red de Vigilancia de la Resistencia a los Antimicrobianos,Última actualización del ejercicio 2022: 02 Julio 2023.
90036400,"Protección Capa de Ozono, F.I","PNUD ARG/14/G61 Protección Capa de Ozono, Fortalecimiento Institucional (PNUD ARG/14/G61 Protocolo de Montreal)",Última actualización del ejercicio 2023: 30 Junio 2024.
90036900,CAF AF/AU/RIOU/G1,CAF AF/AU/RIOU/G1 Adaptación al cambio climático en ciudades y ecosistemas vulnerables costeros del Rìo Uruguay (ARG - URU),Última actualización del ejercicio 2022: 02 Julio 2023.
90037100,PNUD ARG/21/G28,PNUD ARG/21/G28 GEF 10085 Incorporación de los criterios de conservación de la biodiversidad en los programas y las políticas públicas sectoriales e intersectoriales para salvaguardar la vida silvestre amenazada en Argentina (PNUD ARG/19/G28) -GEF 10085,Última actualización del ejercicio 2022: 02 Julio 2023.
90037300,OPS - PULSENET,"OPS PULSENET5, América Latina y Caribe para la Subtipificación de patógenos de transmisión alimentaria (OPS - PULSNET)",Última actualización del ejercicio 2022: 02 Julio 2023.
90037500,OPS - Micosis invasivas,OPS Control de Calidad para identificación y sensibilidad antimicrobiana para levaduras asociadas a fungemias (OPS - Micosis invasivas),Última actualización del ejercicio 2022: 02 Julio 2023.
90037800,EBI,EBI Evaluar el uso de genómica para el diagnóstico de tuberculosis en Argentina (The European Bioinformatics Institute -EMBL-EBI),Última actualización del ejercicio 2022: 02 Julio 2023.
90040400,Agua + Trabajo,FONPLATA ARG-47 Programa Agua y Cloaca más Trabajo,Última actualización del ejercicio 2022: 02 Julio 2023.
90040401,FONPLATA 47,FONPLATA ARG-47 Programa Agua y Cloaca más Trabajo,Última actualización del ejercicio 2022: 02 Julio 2023.
90040402,FONPLATA 47,FONPLATA ARG-47 SAE Programa Agua y Cloaca más Trabajo,Última actualización del ejercicio 2022: 02 Julio 2023.
90041601,CAF 11367 COVID-19,CAF 11367 Apoyo al Plan Nacional Argentina contra el Hambre en la emergencia socio sanitaria COVID-19,Última actualización del ejercicio 2022: 02 Julio 2023.
90041602,CAF 11367 COVID-19 SAE,CAF 11367 SAE Apoyo al Plan Nacional Argentina contra el Hambre en la emergencia socio sanitaria COVID-19,Última actualización del ejercicio 2022: 02 Julio 2023.
90042900,BID 5084/OC-AR,BID 5084/OC-AR Innovación para respuesta a situaciones de crisis y gestión de prioridades estratégicas,Última actualización del ejercicio 2023: 30 Junio 2024.
90043601,BID 5032,BID 5032/OC-AR MSAL Proyecto de respuesta inmediata de salud pública en el marco de la pandemia COVID 19,Última actualización del ejercicio 2022: 02 Julio 2023.
90043602,BID 5032 SAE,BID 5032/OC-AR SAE Proyecto de respuesta inmediata de salud pública en el marco de la pandemia COVI,Última actualización del ejercicio 2022: 02 Julio 2023.
90043801,BID 5057/OC-AR,BID 5057/OC-AR Programa Global de Crédito para la Reactivación del Sector Productivo,Última actualización del ejercicio 2022: 02 Julio 2023.
90043802,BID 5057/OC-AR SAE,BID 5057/OC-AR SAE Programa Global de Crédito para la Reactivación del Sector Productivo,Última actualización del ejercicio 2022: 02 Julio 2023.
90044500,DAMI III,BID Desarrollo de Áreas Metropolitanas del Interior III (DAMI III),Última actualización del ejercicio 2022: 02 Julio 2023.
90044701,FIDA PROSAF,FIDA 2000003982 Programa Promoción de Sistemas Agroalimentarios Resilientes y Sostenibles para la Agricultura Familiar (PROSAF),Última actualización del ejercicio 2022: 02 Julio 2023.
90044801,Programa de Obras Básicas de A,"CAF 11686 Programa de Obras Básicas de Agua Potable AySA – Nueva Toma, Estación Elevadora de 2da Etapa e Impulsiones",Última actualización del ejercicio 2023: 30 Junio 2024.
90044900,PNUD ARG/19/007,PNUD ARG/19/007 Programa de Apoyo a la Implementación de la Contribución Nacional (PAI-NDC / NDC Support) – Proyecto PNUD ARG/19/007,Última actualización del ejercicio 2024: 27 Diciembre 2024.Los datos consignados son provisorios hasta tanto se produzcan los cierres de cuenta y eventuales ajustes correspondientes al ejercicio 2024.
90045000,UNEP 01617 GEF 9955,UNEP 01617 GEF 9955 Fortalecimiento de Capacidades para la Transparencia Climática Argentina,Última actualización del ejercicio 2022: 02 Julio 2023.
90045100,Acción Climática Argentina,PNUMA-UTA Iniciativa para la Transparencia en la Acción Climática Argentina (PNUMA-UTA),Última actualización del ejercicio 2024: 27 Diciembre 2024.Los datos consignados son provisorios hasta tanto se produzcan los cierres de cuenta y eventuales ajustes correspondientes al ejercicio 2024.
90045200,GCF PNUD ARG/19/003,PNUD ARG/19/003 GCF Preparación para el Proceso del Plan Nacional de Adaptació GCF PNUD ARG/19/003,Última actualización del ejercicio 2022: 02 Julio 2023.
90045301,FONPLATA 54,FONPLATA ARG-54 Puesta en Valor de la Red de Casas de la Historia y la Cultura del Bicentenario,Última actualización del ejercicio 2022: 02 Julio 2023.
90045400,GEF 7 Inversiones ba,GEF 10391 Project GEF 7 -Inversiones bajas en carbono y conservación en ciudades argentinas,Última actualización del ejercicio 2022: 02 Julio 2023.
90046400,Lote 2 AYSA,BIRF 9252 Segundo Financiamiento Adicional para el Proyecto de Desarrollo Sustentable de la Cuenca Matanza Riachuelo,Última actualización del ejercicio 2024: 27 Diciembre 2024.Los datos consignados son provisorios hasta tanto se produzcan los cierres de cuenta y eventuales ajustes correspondientes al ejercicio 2024.
90046500,PNUD ARG/19/G24,PNUD ARG/19/G24 GEF 9583 Incorporación de la Conservación de la Biodiversidad y el Manejo Sostenible de las Tierras (MST) en la planificación del desarrollo: operacionalizar el Ordenamiento Ambiental del Territorio (OAT) en la Argentina ARG/19/G24  (GEF 9583),Última actualización del ejercicio 2022: 02 Julio 2023.
90046800,GEF PNUD ARG/20/G27,"PNUD ARG/20/G27 GEF 10094 Gestión ambientalmente racional de contaminantes orgánicos persistentes, mercurio y otras sustancias peligrosas en Argentina (PNUD ARG/20/G27)",Última actualización del ejercicio 2022: 02 Julio 2023.
90047001,VUELTA AL AULA,CAF 11545 Proyecto de Mejoramiento de Infraestructura Escolar “Vuelta al aula”,Última actualización del ejercicio 2022: 02 Julio 2023.
90047201,BCIE 2274 Industrias 4.0,BCIE 2274 Programa Piloto para la Transformación Digital de las PyMES Argentinas,Última actualización del ejercicio 2022: 02 Julio 2023.
90047901,Inclusión digital y transforma,CAF 11677 Inclusión digital y transformación educativa “Santa Fe + Conectada”,Última actualización del ejercicio 2023: 30 Junio 2024.
90048001,RADARES EANA,CAF 11585 Inversiones en Infraestructura de Vigilancia - RADARES EANA - Plan de inversión EANA 21-22-23,Última actualización del ejercicio 2022: 02 Julio 2023.
90048301,FONPLATA 52,FONPLATA ARG-52 Programa de Apoyo Integral para la Institucionalización del Diálogo y la Participación Ciudadana – “Plan Argentina”,Última actualización del ejercicio 2022: 02 Julio 2023.
90048401,CAF 11501 ARSAT-SG1,CAF 11501 Desarrollo y fabricación del sistema satelital geoestacionario de telecomunicaciones segunda generación: Satélite ARSAT-SG1,Última actualización del ejercicio 2022: 02 Julio 2023.
90048601,BCIE 2280,BCIE 2280 Fortalecimiento de las Acciones de Protección contra la Violencia por motivos de Género,Última actualización del ejercicio 2022: 02 Julio 2023.
90049301,FONP 53 REFEFO 3,FONPLATA ARG-53 Desarrollo de la red Federal de Fibra Óptica,Última actualización del ejercicio 2024: 27 Diciembre 2024.Los datos consignados son provisorios hasta tanto se produzcan los cierres de cuenta y eventuales ajustes correspondientes al ejercicio 2024.
90050101,BIRF 9224 PIDISP,BIRF 9224 Proyecto de Inclusión Digital e Innovación de los Servicios Públicos (PIDISP),Última actualización del ejercicio 2024: 27 Diciembre 2024.Los datos consignados son provisorios hasta tanto se produzcan los cierres de cuenta y eventuales ajustes correspondientes al ejercicio 2024.
90050401,BIRF 9232,BIRF 9232 Proyecto  de Modernizacion del transporte Ferroviario de Pasajeros en Buenos Aires,Última actualización del ejercicio 2024: 27 Diciembre 2024.Los datos consignados son provisorios hasta tanto se produzcan los cierres de cuenta y eventuales ajustes correspondientes al ejercicio 2024.
90050601,CAF 11553,CAF 11553 Desarrollo de Infraestructura Municipal - Etapa I,Última actualización del ejercicio 2022: 02 Julio 2023.
90050700,Convenio UNICEF - ANSES,UNICEF-ANSES - Abordaje en Comunidades Indígenas y zonas rurales de extrema vulnerabilidad,Última actualización del ejercicio 2023: 30 Junio 2024.
90051801,FON ARG-51,FONPLATA ARG-51/2021 Apoyo para la Convocatoria a Proyectos para el Desarrollo Armónico con Equilibrio Territorial,Última actualización del ejercicio 2022: 02 Julio 2023.
90051901,CAF PIU IV,CAF 11746 Programa de Infraestructura Universitaria Fase IV,Última actualización del ejercicio 2022: 02 Julio 2023.
90052101,BIRF 9207 Provisión de Agua,BIRF 9207 Programa de Provisión de Agua y Saneamiento para Zonas Vulnerables,Última actualización del ejercicio 2024: 27 Diciembre 2024.Los datos consignados son provisorios hasta tanto se produzcan los cierres de cuenta y eventuales ajustes correspondientes al ejercicio 2024.
90052301,Cobertura Efectiva Universal d,BIRF 9222 Proyecto de Apoyo a la Cobertura Efectiva Universal de Salud en Argentin,Última actualización del ejercicio 2024: 27 Diciembre 2024.Los datos consignados son provisorios hasta tanto se produzcan los cierres de cuenta y eventuales ajustes correspondientes al ejercicio 2024.
90052401,JICA Asist a sect de Alta Vuln,JICA Asistencia a sectores de Alta Vulnerabilidad (Cooperacion Italo - Argentina),Última actualización del ejercicio 2024: 27 Diciembre 2024.Los datos consignados son provisorios hasta tanto se produzcan los cierres de cuenta y eventuales ajustes correspondientes al ejercicio 2024.
90052600,CAEP,ECF G-2011-03977 Fortalecimiento en la Identificación de Marcos Regulatorios para la Investigación del Financiamiento Climático - CAEP,Última actualización del ejercicio 2022: 02 Julio 2023.
90052800,Contribución de Políticas Públ,"ECF 74717086 Cooperación Institucional, Técnica y Científica para la Contribución de Políticas Públicas Ambientales / Argentina - Portugal (Fondo Ambiental Portugal)",Última actualización del ejercicio 2024: 27 Diciembre 2024.Los datos consignados son provisorios hasta tanto se produzcan los cierres de cuenta y eventuales ajustes correspondientes al ejercicio 2024.
90053000,Gestión del Patrimonio Cultura,SEGIB Acciones Innovadoras e Inclusivas para la Gestión del Patrimonio Cultural de la Manzana de,Última actualización del ejercicio 2022: 02 Julio 2023.
90053201,Sistemas Agroalimentarios,FONPLATA ARG-55/2021 Promoción de Sistemas Agroalimentarios Resilientes y Sostenibles para la Agricultura Familiar (PROSAF),Última actualización del ejercicio 2022: 02 Julio 2023.
90053301,FONPLATA 56,FONPLATA ARG-56/2021 Apoyo a la Infraestructura Comunitaria en Barrios Populares en la Emergencia Socio-Sanitaria,Última actualización del ejercicio 2022: 02 Julio 2023.
90053501,FONPLATA ARG-58,FONPLATA ARG-58/2021 Programa Federal de Infraestructura Deportiva,Última actualización del ejercicio 2022: 02 Julio 2023.
90053601,FONPLATA ARG-57,FONPLATA ARG-57/2021 Puesta en valor del hotel Nº 3 de la Unidad Turística Chapadmalal y del hotel Nº 5 de la Unidad Turística de Embalse,Última actualización del ejercicio 2022: 02 Julio 2023.
90053701,BID FA Roca,"BID 5320/OC-AR Mejora Integral del Ferrocarril Gral. Roca, Ramal Plaza Constitución La Plata: Reformulación y Financiamiento Adicional",Última actualización del ejercicio 2022: 02 Julio 2023.
90054000,BID 5378/OC-AR,BID 5378/OC-AR Infraestructura Vial Productiva III,Última actualización del ejercicio 2023: 30 Junio 2024.
90054200,Lucha contra la Deforestación,FAO GCP/ARG/029/GCF Apoyo para la Lucha contra la Deforestación y el Manejo Sostenible de los Bosques Nativos en Cumplimiento de los Pagos por Resultados REDD+ (GCP/ARG/029/GCF)  (GCF FP142),Última actualización del ejercicio 2025: 26 Marzo 2025.
90054301,BID 5364/OC-AR,BID 5364/OC-AR Desarrollo de la Red Federal de Fibra Óptica,Última actualización del ejercicio 2024: 27 Diciembre 2024.Los datos consignados son provisorios hasta tanto se produzcan los cierres de cuenta y eventuales ajustes correspondientes al ejercicio 2024.
90054901,BID AR-L1336,"BID 5521/OC-AR Programa de desarrollo, inversión y facilitación del turismo de naturaleza en Argentina: La ruta natural",Última actualización del ejercicio 2024: 27 Diciembre 2024.Los datos consignados son provisorios hasta tanto se produzcan los cierres de cuenta y eventuales ajustes correspondientes al ejercicio 2024.
90055200,Donación OACNUDH OPCAT-082-GLO,OACNUDH OPCAT-082-GLO/09/HC/07-B453 Proteccion de los Derechos del Interno Penitenciario - Donación del Fondo,Última actualización del ejercicio 2023: 30 Junio 2024.
90055400,UNESCO 2020-2021,UNESCO Convocatoria Nacional para el programa de participación de la UNESCO para el bienio 2020-2021,Última actualización del ejercicio 2024: 27 Diciembre 2024.Los datos consignados son provisorios hasta tanto se produzcan los cierres de cuenta y eventuales ajustes correspondientes al ejercicio 2024.
90055501,BID Manejo sustentable y gesti,BID 5660/OC-AR Programa de manejo sustentable y gestión de la calidad agroalimentaria,Última actualización del ejercicio 2024: 27 Diciembre 2024.Los datos consignados son provisorios hasta tanto se produzcan los cierres de cuenta y eventuales ajustes correspondientes al ejercicio 2024.
90055502,BID Manejo sustentable y gesti,BID Programa de manejo sustentable y gestión de la calidad agroalimentaria,Última actualización del ejercicio 2023: 30 Junio 2024.
90055503,BID Manejo sustentable y gesti,BID Programa de manejo sustentable y gestión de la calidad agroalimentaria,Última actualización del ejercicio 2023: 30 Junio 2024.
90056101,BID PNACH,BID 5295/OC-AR Apoyo al Plan Nacional Argentina Contra el Hambre en la Emergencia Socio-Sanitaria,Última actualización del ejercicio 2022: 02 Julio 2023.
90056102,BID PNACH,BID 5295/OC-AR Apoyo al Plan Nacional Argentina contra el Hambre en la Emergencia Socio-Sanitaria,Última actualización del ejercicio 2022: 02 Julio 2023.
90057101,BIRF 9335 Recuperación Sustent,BIRF 9335 Proyecto de Recuperación Sustentable de Paisajes y Medios de Vida en Argentina,Última actualización del ejercicio 2024: 27 Diciembre 2024.Los datos consignados son provisorios hasta tanto se produzcan los cierres de cuenta y eventuales ajustes correspondientes al ejercicio 2024.
90057801,CAF Corredores logísticos de i,CAF 11744 Corredores logísticos de integración,Última actualización del ejercicio 2023: 30 Junio 2024.
90058001,PINCre,BIRF 9434 Programa de Innovación para un Nuevo Crecimiento (PINCre),Última actualización del ejercicio 2024: 27 Diciembre 2024.Los datos consignados son provisorios hasta tanto se produzcan los cierres de cuenta y eventuales ajustes correspondientes al ejercicio 2024.
90058201,BIRF 9292 FA al BIRF 9083,BIRF 9292 Financiamiento Adicional para el Proyecto de Emergencia para la Prevención y Manejo de la Enfermedad por COVID-19,Última actualización del ejercicio 2024: 27 Diciembre 2024.Los datos consignados son provisorios hasta tanto se produzcan los cierres de cuenta y eventuales ajustes correspondientes al ejercicio 2024.
90058301,BIRF TF0B7681,BIRF TF0B7681 Proyecto de Recuperación Sustentable de Paisajes y Medios de Vida en Argentina,Última actualización del ejercicio 2023: 30 Junio 2024.
90058801,BIRF 9337 Fomentar mejores emp,BIRF 9337 Fomentar mejores empleos con programas integrados de formación y empleo,Última actualización del ejercicio 2022: 02 Julio 2023.
90059101,Proyecto de Sistemas Agroalime,BIRF 9313 Proyecto de Sistemas Agroalimentarios Climáticamente Inteligentes e Inclusivos,Última actualización del ejercicio 2024: 27 Diciembre 2024.Los datos consignados son provisorios hasta tanto se produzcan los cierres de cuenta y eventuales ajustes correspondientes al ejercicio 2024.
90059102,Proyecto de Sistemas Agroalime,BIRF 9313 Proyecto de Sistemas Agroalimentarios Climáticamente Inteligentes e Inclusivos,Última actualización del ejercicio 2024: 27 Diciembre 2024.Los datos consignados son provisorios hasta tanto se produzcan los cierres de cuenta y eventuales ajustes correspondientes al ejercicio 2024.
90059401,Conting.Emerg y Desastr. Nat.,BID AR-O0016 Préstamo Contingente para Emergencias y Desastres Naturales y de Salud Pública,Última actualización del ejercicio 2024: 27 Diciembre 2024.Los datos consignados son provisorios hasta tanto se produzcan los cierres de cuenta y eventuales ajustes correspondientes al ejercicio 2024.
90059501,Proyecto de Ampliacion del Tra,BOC Proyecto de Ampliacion del Transporte de Energía Eléctrica,Última actualización del ejercicio 2022: 02 Julio 2023.
90059601,Programa Federal de Transporte,BID 5564/OC-AR Programa Federal de Transporte de Energía Eléctrica (AR-O0020),Última actualización del ejercicio 2023: 30 Junio 2024.
90060001,Modernización del Transporte F,BIRF 9390 Proyecto de Modernización del Transporte Ferroviario de Pasajeros en Buenos Aires – Línea Belgrano Sur,Última actualización del ejercicio 2024: 27 Diciembre 2024.Los datos consignados son provisorios hasta tanto se produzcan los cierres de cuenta y eventuales ajustes correspondientes al ejercicio 2024.
90060101,AFD 1034,AFD 1034 Mapa Federal de la Institucionalidad de Género y Diversidad en Argentina,Última actualización del ejercicio 2022: 02 Julio 2023.
90060201,Apoyo a Gobiernos Locales en l,Apoyo a Gobiernos Locales en la Normativa de Mejora en la Gestión de Residuos para Reducción de GEI (PNUMA).,Última actualización del ejercicio 2022: 02 Julio 2023.
90060301,Informe Bienal de la Argentina,PNUD ARG 21/G26 Apoyo a la Preparación del Cuarto Informe Bienal de Actualización de la República Argentina -IBA- (PNUD ARG 21/G26),Última actualización del ejercicio 2024: 27 Diciembre 2024.Los datos consignados son provisorios hasta tanto se produzcan los cierres de cuenta y eventuales ajustes correspondientes al ejercicio 2024.
90060601,"Programa de Obras Básicas, Pri","CAF 11779 - Programa de Obras Básicas, Primarias y Redes Secundarias para el Área Metropolitana de Buenos Aires",Última actualización del ejercicio 2023: 30 Junio 2024.
90060801,Programa de Agua Potable y San,"BID 5648/OC-AR Programa de Agua Potable y Saneamiento para el Área Metropolitana de la Ciudad de Buenos Aires y los Partidos del Primer, Segundo y Tercer Cordón del Conurbano Bonaerense – Tramo II",Última actualización del ejercicio 2024: 27 Diciembre 2024.Los datos consignados son provisorios hasta tanto se produzcan los cierres de cuenta y eventuales ajustes correspondientes al ejercicio 2024.
90060901,UNICEf,UNICEF Programa de Acompañamiento de Víctimas de Abuso Sexual,Última actualización del ejercicio 2022: 02 Julio 2023.
90061101,BID 5570 Progrma de apoyo a MI,BID 5570/OC-AR Progrma de apoyo a MIPYMES para la transformación digital hacia industria 4.0,Última actualización del ejercicio 2024: 27 Diciembre 2024.Los datos consignados son provisorios hasta tanto se produzcan los cierres de cuenta y eventuales ajustes correspondientes al ejercicio 2024.
90061301,Modernización del Transporte F,AFD - Proyecto de Modernización del Transporte Ferroviario de Pasajeros en Buenos Aires – Línea Belgrano Sur,Última actualización del ejercicio 2023: 30 Junio 2024.
90061501,BID 5585 Apoyo al Plan Naci,BID 5585/OC-AR Programa de Apoyo al Plan Nacional De Primera Infancia y la Política de Universalización de la Educación Inicial - FII,Última actualización del ejercicio 2024: 27 Diciembre 2024.Los datos consignados son provisorios hasta tanto se produzcan los cierres de cuenta y eventuales ajustes correspondientes al ejercicio 2024.
90061502,BID 5585 Apoyo al Plan Naci,BID 5585/OC-AR-1 Programa de Apoyo al Plan Nacional De Primera Infancia y la Política de Universalización de la Educación Inicial - FII,Última actualización del ejercicio 2024: 27 Diciembre 2024.Los datos consignados son provisorios hasta tanto se produzcan los cierres de cuenta y eventuales ajustes correspondientes al ejercicio 2024.
90061801,CAF CAMINOS RURALES PRODU,CAF Programa de Caminos Rurales Productivos,Última actualización del ejercicio 2024: 27 Diciembre 2024.Los datos consignados son provisorios hasta tanto se produzcan los cierres de cuenta y eventuales ajustes correspondientes al ejercicio 2024.
90062101,CAF AGUA SEGURA PARA C,CAF PROGRAMA DE AGUA SEGURA PARA COMUNIDADES RURALES DISPERSAS,Última actualización del ejercicio 2024: 27 Diciembre 2024.Los datos consignados son provisorios hasta tanto se produzcan los cierres de cuenta y eventuales ajustes correspondientes al ejercicio 2024.
90062401,Programa de Desarrollo de la C,FONPLATA Programa de Desarrollo de la Cuenca del Río Bermejo 2ª Etapa,Última actualización del ejercicio 2023: 30 Junio 2024.
90062501,Protección de Derechos NNA en,UNICEF Acciones de Promoción y Protección de Derechos NNA en medios de Comunicación,Última actualización del ejercicio 2024: 27 Diciembre 2024.Los datos consignados son provisorios hasta tanto se produzcan los cierres de cuenta y eventuales ajustes correspondientes al ejercicio 2024.
90062602,BID AR-L1346 Programa de Gesti,BID 5578/OC-AR Programa de Gestión de Recursos Hídricos y Acueductos en Provincias de Argentina. Primera operación (AR-O0019),Última actualización del ejercicio 2023: 30 Junio 2024.
90062702,BID 5736/OC-AR,BID 5736/OC-AR Programa de Apoyo a Pequeños Productores Vitivinícolas en Argentina II (PROVIAR II),Última actualización del ejercicio 2023: 30 Junio 2024.
90063101,Fomento a la Gestión Integral,BID 5567/OC-AR Fomento a la Gestión Integral de Residuos Sólidos Urbanos II (AR-O0018),Última actualización del ejercicio 2024: 27 Diciembre 2024.Los datos consignados son provisorios hasta tanto se produzcan los cierres de cuenta y eventuales ajustes correspondientes al ejercicio 2024.
90063201,BEIDesarrollo de la Gest Integ,BEI Desarrollo de la Gestión Integral de Residuos Sólidos Urbanos II,Última actualización del ejercicio 2024: 27 Diciembre 2024.Los datos consignados son provisorios hasta tanto se produzcan los cierres de cuenta y eventuales ajustes correspondientes al ejercicio 2024.
90063301,AFD GIRSU,AFD Acciones para la Gestión Integral de Residuos Sólidos Urbanos II (AFD),Última actualización del ejercicio 2023: 30 Junio 2024.
90063501,CAF Programa de corredores par,CAF Programa de corredores para la conectividad y el desarrollo,Última actualización del ejercicio 2024: 27 Diciembre 2024.Los datos consignados son provisorios hasta tanto se produzcan los cierres de cuenta y eventuales ajustes correspondientes al ejercicio 2024.
90063601,FONPLATA Programa de Restaurac,FONPLATA Programa de Restauración y Puesta en valor del Patrimonio Histórico Nacional para el desarrollo local y el turismo cultural,Última actualización del ejercicio 2022: 02 Julio 2023.
90064101,Proyecto de Eficiencia Energét,BIRF 9521 Proyecto de Eficiencia Energética,Última actualización del ejercicio 2024: 27 Diciembre 2024.Los datos consignados son provisorios hasta tanto se produzcan los cierres de cuenta y eventuales ajustes correspondientes al ejercicio 2024.
90064301,Proyecto de Infraestructura Re,BIRF Proyecto de Infraestructura Resiliente al Clima para la Gestión del Riesgo de Inundaciones Urbanas,Última actualización del ejercicio 2024: 27 Diciembre 2024.Los datos consignados son provisorios hasta tanto se produzcan los cierres de cuenta y eventuales ajustes correspondientes al ejercicio 2024.
90064501,"OMS Prevención, Control e Invs","OMS Prevención, Control e Investigación de Patologías en Salud",Última actualización del ejercicio 2023: 30 Junio 2024.
90064601,"OMS Prev, Control e Investig","OMS Prevención, Control e Investigación de Patologías en Salud",Última actualización del ejercicio 2023: 30 Junio 2024.
90064901,GEF Gestión integral tierras,GEF 10866 Gestión integral de tierras en sistemas forestales (CAF),Última actualización del ejercicio 2024: 27 Diciembre 2024.Los datos consignados son provisorios hasta tanto se produzcan los cierres de cuenta y eventuales ajustes correspondientes al ejercicio 2024.
90065001,Fortalecimiento de la resilien,CAF Fortalecimiento de la resiliencia comunitaria de las poblaciones rurales en las tierras secas del noroeste argentino frente al cambio climático,Última actualización del ejercicio 2023: 30 Junio 2024.
90065101,GEF 11023 Est Nac de Biodive,GEF Estrategia Nacional de Biodiversidad - Marco Mundial sobre Diversidad Biológica post 2020 (GEF 11023) (PNUD 00146097),Última actualización del ejercicio 2025: 26 Marzo 2025.
90065201,Readiness eficiencia energétic,GCF Readiness eficiencia energética en edificios,Última actualización del ejercicio 2024: 27 Diciembre 2024.Los datos consignados son provisorios hasta tanto se produzcan los cierres de cuenta y eventuales ajustes correspondientes al ejercicio 2024.
90065301,Fortalecimiento de las capacid,CAF Fortalecimiento de las capacidades nacionales para el manejo ambiental de los contaminantes emergentes y otras sustancias peligrosas en Argentina (PNUMA-515.7),Última actualización del ejercicio 2025: 26 Marzo 2025.
90065401,Fortaleciendo el manejo ambien,CB Fortaleciendo el manejo ambientalmente racional de los residuos plásticos en Argentina bajo el Convenio de Basilea,Última actualización del ejercicio 2024: 27 Diciembre 2024.Los datos consignados son provisorios hasta tanto se produzcan los cierres de cuenta y eventuales ajustes correspondientes al ejercicio 2024.
90065501,Fortalecimiento de las capacid,Fortalecimiento de las capacidades para el manejo ambiental de los residuos de mercurio,Última actualización del ejercicio 2022: 02 Julio 2023.
90065601,Programa de Fortalecimiento Te,BCIE 2314 Programa de Fortalecimiento Tecnológico del Registro Nacional de las Personas y la Dirección Nacional de Migraciones,Última actualización del ejercicio 2024: 27 Diciembre 2024.Los datos consignados son provisorios hasta tanto se produzcan los cierres de cuenta y eventuales ajustes correspondientes al ejercicio 2024.
90065602,Programa de Fortalecimiento Te,BCIE 2314 Programa de Fortalecimiento Tecnológico del Registro Nacional de las Personas y la Dirección Nacional de Migraciones,Última actualización del ejercicio 2024: 27 Diciembre 2024.Los datos consignados son provisorios hasta tanto se produzcan los cierres de cuenta y eventuales ajustes correspondientes al ejercicio 2024.
90065603,Programa de Fortalecimiento Te,BCIE 2314 Programa de Fortalecimiento Tecnológico del Registro Nacional de las Personas y la Dirección Nacional de Migraciones,Última actualización del ejercicio 2024: 27 Diciembre 2024.Los datos consignados son provisorios hasta tanto se produzcan los cierres de cuenta y eventuales ajustes correspondientes al ejercicio 2024.
90065701,Proyecto de Fortalecimiento de,BIRF 9455 Proyecto de Fortalecimiento de la Infraestructura de datos para cerrar la brecha digital en Argentina,Última actualización del ejercicio 2024: 27 Diciembre 2024.Los datos consignados son provisorios hasta tanto se produzcan los cierres de cuenta y eventuales ajustes correspondientes al ejercicio 2024.
90066101,BID 5735/OC-AR Ciberseguridad,BID 5735/OC-AR Programa de Ciberseguridad Para Infraestructuras criticas de Información,Última actualización del ejercicio 2024: 27 Diciembre 2024.Los datos consignados son provisorios hasta tanto se produzcan los cierres de cuenta y eventuales ajustes correspondientes al ejercicio 2024.
90066501,CAF 11960 -Programa para la pr,CAF 11960 Programa para la promoción del modelo social de la discapacidad en el ámbito municipal,Última actualización del ejercicio 2024: 27 Diciembre 2024.Los datos consignados son provisorios hasta tanto se produzcan los cierres de cuenta y eventuales ajustes correspondientes al ejercicio 2024.
90066701,VITAL STRATEGIES consistente e,VITAL STRATEGIES consistente en el premio de “The Bloomberg Philantropies Award,Última actualización del ejercicio 2022: 02 Julio 2023.
90066901,Emergencia Debida a Incendios,BID ATN/OC-19217-AR - Apoyo a la Emergencia Debida a Incendios Forestales en el Norte de Argentina,Última actualización del ejercicio 2024: 27 Diciembre 2024.Los datos consignados son provisorios hasta tanto se produzcan los cierres de cuenta y eventuales ajustes correspondientes al ejercicio 2024.
90067101,BCIE CASA DE AMOR,BCIE Programa de Apoyo al Plan Nacional “Argentina contra el Hambre” en la Emergencia Socio-sanitaria COVID-19 - CASA DE AMOR,Última actualización del ejercicio 2025: 26 Marzo 2025.
90067201,Evaluación de la campaña de va,TFGH Evaluación de la campaña de vacunación contra COVID-19 en Argentina: eficacia de la vacuna contra COVID-19 mediante el uso de registros nominales de información sanitaria,Última actualización del ejercicio 2024: 27 Diciembre 2024.Los datos consignados son provisorios hasta tanto se produzcan los cierres de cuenta y eventuales ajustes correspondientes al ejercicio 2024.
90067601,BCIE Apoyo al Plan Naci,BCIE Programa de Apoyo al Plan Nacional “Argentina contra el Hambre” II - BCIE,Última actualización del ejercicio 2024: 27 Diciembre 2024.Los datos consignados son provisorios hasta tanto se produzcan los cierres de cuenta y eventuales ajustes correspondientes al ejercicio 2024.
90067801,Fortalecimiento de las Capacid,GEF 10960 Fortalecimiento de las Capacidades para Mejorar el Monitoreo y la Presentación de Informes de la CNULD (GEF 10960).,Última actualización del ejercicio 2024: 27 Diciembre 2024.Los datos consignados son provisorios hasta tanto se produzcan los cierres de cuenta y eventuales ajustes correspondientes al ejercicio 2024.
90068201,BID Apoyo a las Export,BID Programa de Apoyo a las Exportaciones de la Economía del Conocimiento,Última actualización del ejercicio 2024: 27 Diciembre 2024.Los datos consignados son provisorios hasta tanto se produzcan los cierres de cuenta y eventuales ajustes correspondientes al ejercicio 2024.
90068202,Programa de Apoyo a las Export,BID Programa de Apoyo a las Exportaciones de la Economía del Conocimiento,Última actualización del ejercicio 2024: 27 Diciembre 2024.Los datos consignados son provisorios hasta tanto se produzcan los cierres de cuenta y eventuales ajustes correspondientes al ejercicio 2024.
90068301,BID Apoyo a la Inclusi,BID Programa de Apoyo a la Inclusión Social de las Personas con Discapacidad.,Última actualización del ejercicio 2024: 27 Diciembre 2024.Los datos consignados son provisorios hasta tanto se produzcan los cierres de cuenta y eventuales ajustes correspondientes al ejercicio 2024.
90068401,Acciones de Integración Socio,BID 5741 - Acciones de Integración Socio Urbana en Barrios Populares,Última actualización del ejercicio 2024: 27 Diciembre 2024.Los datos consignados son provisorios hasta tanto se produzcan los cierres de cuenta y eventuales ajustes correspondientes al ejercicio 2024.
90068902,Segundo Proyecto de Hábitat y,Segundo Proyecto de Hábitat y Suelo Urbano (PHAyS),Última actualización del ejercicio 2024: 27 Diciembre 2024.Los datos consignados son provisorios hasta tanto se produzcan los cierres de cuenta y eventuales ajustes correspondientes al ejercicio 2024.
90069001,BID 5744/OC-AR,BID 5744/OC-AR Programa para la Integración del Sistema de Salud Argentino,Última actualización del ejercicio 2024: 27 Diciembre 2024.Los datos consignados son provisorios hasta tanto se produzcan los cierres de cuenta y eventuales ajustes correspondientes al ejercicio 2024.
90069101,Programa de Modernización del,BID Programa de Modernización del Complejo Hidroeléctrico Binacional de Salto Grande - ETAPA II-A (BID S/N),Última actualización del ejercicio 2024: 27 Diciembre 2024.Los datos consignados son provisorios hasta tanto se produzcan los cierres de cuenta y eventuales ajustes correspondientes al ejercicio 2024.
90069201,Rever. Gasoduc. NK,CAF11985 Proyecto de Reversión del Gasoducto Norte - Obras Complementarias Gasoducto Nestor Kirchner,Última actualización del ejercicio 2024: 27 Diciembre 2024.Los datos consignados son provisorios hasta tanto se produzcan los cierres de cuenta y eventuales ajustes correspondientes al ejercicio 2024.
90069801,GEF Prep. Inf. Cbios Climat.,GEF 10973 Preparación de Informes para el Cambio Climático,Última actualización del ejercicio 2024: 27 Diciembre 2024.Los datos consignados son provisorios hasta tanto se produzcan los cierres de cuenta y eventuales ajustes correspondientes al ejercicio 2024.
90069901,Coop. Amb. Des. Sost.,MITE Cooperación en el Ambito del Desarrollo Sostenible,Última actualización del ejercicio 2024: 27 Diciembre 2024.Los datos consignados son provisorios hasta tanto se produzcan los cierres de cuenta y eventuales ajustes correspondientes al ejercicio 2024.
90070101,Proyecto de Gestión Ambiental,BIRF Proyecto de Gestión Ambiental (BIRF P180028),Última actualización del ejercicio 2024: 27 Diciembre 2024.Los datos consignados son provisorios hasta tanto se produzcan los cierres de cuenta y eventuales ajustes correspondientes al ejercicio 2024.
90070201,Programa Origen: amplificando,UNESCO-FIDC Programa Origen: amplificando las voces de los cineastas indígenas,Última actualización del ejercicio 2023: 30 Junio 2024.
90070501,BIRF 9547 PCEUS,BIRF 9547 Programa de Apoyo a la Cobertura Efectiva y Universal de Salud y a la Integración del Sistema de Salud Nacional,Última actualización del ejercicio 2024: 27 Diciembre 2024.Los datos consignados son provisorios hasta tanto se produzcan los cierres de cuenta y eventuales ajustes correspondientes al ejercicio 2024.
90070701,BEI PROSAP,BEI Programa de Servicios Agrícolas Provinciales - PROSAP V,Última actualización del ejercicio 2024: 27 Diciembre 2024.Los datos consignados son provisorios hasta tanto se produzcan los cierres de cuenta y eventuales ajustes correspondientes al ejercicio 2024.
90071001,CAF 12160-1,CAF 12160-1Programa de Mejora de la Seguridad y Confiabilidad del Servicio Ferroviario en la Región Metropolitana de Buenos Aires (RMBA),Última actualización del ejercicio 2024: 27 Diciembre 2024.Los datos consignados son provisorios hasta tanto se produzcan los cierres de cuenta y eventuales ajustes correspondientes al ejercicio 2024.
90071601,Implementación del Plan Nacion,AFD Implementación del Plan Nacional de Adaptación y Mitigación al Cambio Climático (AFD),Última actualización del ejercicio 2023: 30 Junio 2024.
90072101,Proyecto de Fortalecimiento de,BIRF 9588 Proyecto de Fortalecimiento de la Política Alimentaria para Poblaciones Vulnerables,Última actualización del ejercicio 2024: 27 Diciembre 2024.Los datos consignados son provisorios hasta tanto se produzcan los cierres de cuenta y eventuales ajustes correspondientes al ejercicio 2024.
90072401,Evaluaciones posteriores a la,TFGH Evaluaciones posteriores a la introducción de la eficacia de la vacuna contra COVID-19 (EV),Última actualización del ejercicio 2024: 27 Diciembre 2024.Los datos consignados son provisorios hasta tanto se produzcan los cierres de cuenta y eventuales ajustes correspondientes al ejercicio 2024.
90073101,Proyecto Ejecutivo para el Cen,AFD Proyecto Ejecutivo para el Centro Ambiental y Cierre Técnico de BCA en Tornquist (AFD),Última actualización del ejercicio 2024: 27 Diciembre 2024.Los datos consignados son provisorios hasta tanto se produzcan los cierres de cuenta y eventuales ajustes correspondientes al ejercicio 2024.
90073201,Fortalecimiento Institucional,AFD Fortalecimiento Institucional para el Acceso a Fondos Internacionales de la Acción Ambiental y Climática (AFD / EUROCLIMA),Última actualización del ejercicio 2024: 27 Diciembre 2024.Los datos consignados son provisorios hasta tanto se produzcan los cierres de cuenta y eventuales ajustes correspondientes al ejercicio 2024.
90073501,Fortalecimiento institucional,PNUD ARG/23/G61 Fortalecimiento institucional de la Oficina Programa Ozono,Última actualización del ejercicio 2023: 30 Junio 2024.
90073801,AECID Fort cap,AECID Fortalecimiento de las capacidades en perspectiva de derechos humanos de defensores y defensoras de las personas con discapacidad y de sus organizaciones en favor de la inclusión en Argentina,Última actualización del ejercicio 2024: 27 Diciembre 2024.Los datos consignados son provisorios hasta tanto se produzcan los cierres de cuenta y eventuales ajustes correspondientes al ejercicio 2024.
90074701,Programa de Apoyo a la Segurid,BCIE 2339 - Programa de Apoyo a la Seguridad Alimentaria en Argentina - Fase III,Última actualización del ejercicio 2025: 26 Marzo 2025.
90074801,PROGRAMA DE APOYO A LA POLITIC,BID Programa de Apoyo a la Política Federal de Alfabetización Integral,Última actualización del ejercicio 2024: 27 Diciembre 2024.Los datos consignados son provisorios hasta tanto se produzcan los cierres de cuenta y eventuales ajustes correspondientes al ejercicio 2024.
90074901,PROGRAMA DE APOYO A LA POLITIC,PROGRAMA DE APOYO A LA POLITICA FEDERAL DE ALFABETIZACIÓN INTEGRAL,Última actualización del ejercicio 2025: 26 Marzo 2025.
90075501,Apoyo Trans Sector Eléctrico,BIRF 9747 Apoyo a la Transición de un Sector Eléctrico Sostenible,Última actualización del ejercicio 2025: 26 Marzo 2025.
90075601,Sostenibilidad energética,BID Sostenibilidad Energética integrando Protección Social y Eficiencia Energética,Última actualización del ejercicio 2025: 26 Marzo 2025.
90076601,Programa de Apoyo al Desarroll,Programa de Apoyo al Desarrollo Integral de la Primera Infancia,Última actualización del ejercicio 2025: 26 Marzo 2025.
90076701,Programa de Apoyo al Desarroll,Programa de Apoyo al Desarrollo Integral de la Primera Infancia,Última actualización del ejercicio 2024: 27 Diciembre 2024.Los datos consignados son provisorios hasta tanto se produzcan los cierres de cuenta y eventuales ajustes correspondientes al ejercicio 2024.
90077201,APOYO A LA SOSTENIBILIDAD Y,BID 5981/OC-AR- APOYO A LA SOSTENIBILIDAD Y EQUIDAD DEL TRANSPORTE PÚBLICO,Última actualización del ejercicio 2025: 26 Marzo 2025.
90077301,Apoyo y Sostenibilidad del Tte,"Progr. de Apoyo, Sostenibilidad y Equidad  del Tte Publ.",Última actualización del ejercicio 2025: 26 Marzo 2025.
